Publication Type,Authors,Book Authors,Book Editors,Book Group Authors,Author Full Names,Book Author Full Names,Group Authors,Article Title,Source Title,Book Series Title,Book Series Subtitle,Language,Document Type,Conference Title,Conference Date,Conference Location,Conference Sponsor,Conference Host,Author Keywords,Keywords Plus,Abstract,Addresses,Affiliations,Reprint Addresses,Email Addresses,Researcher Ids,ORCIDs,Funding Orgs,Funding Name Preferred,Funding Text,Cited References,Cited Reference Count,"Times Cited, WoS Core","Times Cited, All Databases",180 Day Usage Count,Since 2013 Usage Count,Publisher,Publisher City,Publisher Address,ISSN,eISSN,ISBN,Journal Abbreviation,Journal ISO Abbreviation,Publication Date,Publication Year,Volume,Issue,Part Number,Supplement,Special Issue,Meeting Abstract,Start Page,End Page,Article Number,DOI,DOI Link,Book DOI,Early Access Date,Number of Pages,WoS Categories,Web of Science Index,Research Areas,IDS Number,Pubmed Id,Open Access Designations,Highly Cited Status,Hot Paper Status,Date of Export,UT (Unique WOS ID),Web of Science Record
J,"Guarasci, R; De Pietro, G; Esposito, M",,,,"Guarasci, Raffaele; De Pietro, Giuseppe; Esposito, Massimo",,,Quantum Natural Language Processing: Challenges and Opportunities,APPLIED SCIENCES-BASEL,,,English,Article,,,,,,quantum computing; natural language processing,MODELS,"The meeting between Natural Language Processing (NLP) and Quantum Computing has been very successful in recent years, leading to the development of several approaches of the so-called Quantum Natural Language Processing (QNLP). This is a hybrid field in which the potential of quantum mechanics is exploited and applied to critical aspects of language processing, involving different NLP tasks. Approaches developed so far span from those that demonstrate the quantum advantage only at the theoretical level to the ones implementing algorithms on quantum hardware. This paper aims to list the approaches developed so far, categorizing them by type, i.e., theoretical work and those implemented on classical or quantum hardware; by task, i.e., general purpose such as syntax-semantic representation or specific NLP tasks, like sentiment analysis or question answering; and by the resource used in the evaluation phase, i.e., whether a benchmark dataset or a custom one has been used. The advantages offered by QNLP are discussed, both in terms of performance and methodology, and some considerations about the possible usage QNLP approaches in the place of state-of-the-art deep learning-based ones are given.","[Guarasci, Raffaele; De Pietro, Giuseppe; Esposito, Massimo] Natl Res Council CNR, Inst High Performance Comp & Networking ICAR, I-80131 Naples, Italy",Consiglio Nazionale delle Ricerche (CNR); Istituto di Calcolo e Reti ad Alte Prestazioni (ICAR-CNR),"Esposito, M (corresponding author), Natl Res Council CNR, Inst High Performance Comp & Networking ICAR, I-80131 Naples, Italy.",raffaele.guarasci@icar.cnr.it; giuseppe.depietro@icar.cnr.it; massimo.esposito@icar.cnr.it,"Esposito, Massimo/AAX-3348-2020; De Pietro, Giuseppe/AAZ-1151-2020","de pietro, giuseppe/0000-0002-4675-5957; GUARASCI, RAFFAELE/0000-0002-0106-8635; ESPOSITO, MASSIMO/0000-0002-7196-7994",,,,,106,29,29,1,59,MDPI,BASEL,"MDPI AG, Grosspeteranlage 5, CH-4052 BASEL, SWITZERLAND",,2076-3417,,APPL SCI-BASEL,Appl. Sci.-Basel,JUN,2022,12.0,11,,,,,,,5651,10.3390/app12115651,0.0,,,25,"Chemistry, Multidisciplinary; Engineering, Multidisciplinary; Materials Science, Multidisciplinary; Physics, Applied",Science Citation Index Expanded (SCI-EXPANDED),Chemistry; Engineering; Materials Science; Physics,1Z4ZP,,gold,,,2025-08-16,WOS:000808835000001,0
C,"Silver, D; Ranjan, A; Achutha, R; Patel, T; Tiwari, D",,,IEEE,"Silver, Daniel; Ranjan, Aditya; Achutha, Rakesh; Patel, Tirthak; Tiwari, Devesh",,,LEXIQL: Quantum Natural Language Processing on NISQ-era Machines,"SC24: INTERNATIONAL CONFERENCE FOR HIGH PERFORMANCE COMPUTING, NETWORKING, STORAGE AND ANALYSIS, 2024",,,English,Proceedings Paper,"2024 International Conference for High Performance Computing, Networking, Storage and Analysis","NOV 17-22, 2024","Atlanta, GA",,,Quantum Computing; Quantum Machine Learning; Natural Language Processing,,"The rapid evolution of quantum hardware is propelling quantum computing to new frontiers. Nonetheless, the potential of natural language processing in the quantum paradigm (QNLP) is yet to be explored, including for Noisy Intermediate-Scale Quantum (NISQ) machines. To explore the QNLP frontier, we introduce LEXIQL, a novel noise-aware QNLP technique for text classification on NISQ quantum machines. LEXIQL employs an incremental data injection approach to process textual data in a quantum circuit. It also develops new and effective training methods, such as leveraging a diverse mix of expressible and shallow quantum circuits for the QNLP task of text classification. Our extensive evaluation using Yelp, IMDB, and Amazon datasets (along with synthetic QLNP datasets) demonstrates the effectiveness of LEXIQL's noise-aware design in both ideal and noisy environments.","[Silver, Daniel; Ranjan, Aditya; Tiwari, Devesh] Northestern Univ, Boston, MA 02115 USA; [Achutha, Rakesh] IIT BHU, Varanasi, Uttar Pradesh, India; [Patel, Tirthak] Rice Univ, Houston, TX USA",Indian Institute of Technology System (IIT System); Indian Institute of Technology BHU Varanasi (IIT BHU Varanasi); Rice University,"Silver, D (corresponding author), Northestern Univ, Boston, MA 02115 USA.",silver.da@northeastern.edu; ranjan.ad@northeastern.edu; achutha.rakesh.mat20@iitbhu.ac.in; tirthak.patel@rice.edu; d.tiwari@northeastern.edu,"Patel, Tirthak/AEE-6589-2022",,"NSF [2144540, 2124897, 1910601]; MathWorks Faculty Award; Northeastern University; Rice University; DOE Office of Science User Facility [DE-AC05-00OR22725]",NSF(National Science Foundation (NSF)); MathWorks Faculty Award; Northeastern University; Rice University; DOE Office of Science User Facility(United States Department of Energy (DOE)),"We thank the reviewers for their constructive feedback. This work was supported by NSF Awards (2144540, 2124897, and 1910601), MathWorks Faculty Award, Northeastern University, and Rice University. This research used resources of the Oak Ridge Leadership Computing Facility, which is a DOE Office of Science User Facility supported under Contract DE-AC05-00OR22725. We utilized ChatGPT, an AI language model developed by OpenAI, for partial assistance in drafting the text, and all generated content was thoroughly reviewed and edited for accuracy.",,70,0,0,1,1,IEEE,NEW YORK,"345 E 47TH ST, NEW YORK, NY 10017 USA",,,979-8-3503-5292-4; 979-8-3503-5291-7,,,,2024,,,,,,,,,,10.1109/SC41406.2024.00073,0.0,,,15,"Computer Science, Artificial Intelligence; Computer Science, Information Systems; Computer Science, Theory & Methods",Conference Proceedings Citation Index - Science (CPCI-S),Computer Science,BY3EQ,,,,,2025-08-16,WOS:001414891300053,0
J,"Li, GX; Zhao, XQ; Wang, X",,,,"Li, Guangxi; Zhao, Xuanqiang; Wang, Xin",,,Quantum self-attention neural networks for text classification,SCIENCE CHINA-INFORMATION SCIENCES,,,English,Article,,,,,,quantum neural networks; self-attention; natural language processing; text classification; parameterized quantum circuits,,"An emerging direction of quantum computing is to establish meaningful quantum applications in various fields of artificial intelligence, including natural language processing (NLP). Although some efforts based on syntactic analysis have opened the door to research in quantum NLP (QNLP), limitations such as heavy syntactic preprocessing and syntax-dependent network architecture make them impracticable on larger and real-world data sets. In this paper, we propose a new simple network architecture, called the quantum self-attention neural network (QSANN), which can compensate for these limitations. Specifically, we introduce the self-attention mechanism into quantum neural networks and then utilize a Gaussian projected quantum self-attention serving as a sensible quantum version of self-attention. As a result, QSANN is effective and scalable on larger data sets and has the desirable property of being implementable on near-term quantum devices. In particular, our QSANN outperforms the best existing QNLP model based on syntactic analysis as well as a simple classical self-attention neural network in numerical experiments of text classification tasks on public data sets. We further show that our method exhibits robustness to low-level quantum noises and showcases resilience to quantum neural network architectures.","[Li, Guangxi; Zhao, Xuanqiang; Wang, Xin] Baidu Res, Inst Quantum Comp, Beijing 100193, Peoples R China; [Li, Guangxi] Univ Technol Sydney, Ctr Quantum Software & Informat, Sydney, NSW 2007, Australia; [Zhao, Xuanqiang] Univ Hong Kong, Dept Comp Sci, Quantum Informat & Computat Initiat QICI, Hong Kong 999077, Peoples R China; [Wang, Xin] Hong Kong Univ Sci & Technol Guangzhou, Thrust Artificial Intelligence, Informat Hub, Guangzhou 511453, Peoples R China",Baidu; University of Technology Sydney; University of Hong Kong; Hong Kong University of Science & Technology (Guangzhou),"Wang, X (corresponding author), Baidu Res, Inst Quantum Comp, Beijing 100193, Peoples R China.;Wang, X (corresponding author), Hong Kong Univ Sci & Technol Guangzhou, Thrust Artificial Intelligence, Informat Hub, Guangzhou 511453, Peoples R China.",felixxinwang@hkust-gz.edu.cn,"Wang, Xin/R-9850-2017; Zhao, Xuanqiang/NFT-9092-2025",,"Guangdong Provincial Quantum Science Strategic Initiative [GDZX2303007]; Quantum Science Center of Guangdong-Hong Kong-Macao Greater Bay Area, Baidu-UTS AI Meets Quantum project; China Scholarship Council [201806070139]; Australian Research Council Project [DP180100691, G0101000151]; Hong Kong University of Science and Technology (Guangzhou), Innovation Program for Quantum Science and Technology [2021ZD0302901]; Education Bureau of Guangzhou Municipality","Guangdong Provincial Quantum Science Strategic Initiative; Quantum Science Center of Guangdong-Hong Kong-Macao Greater Bay Area, Baidu-UTS AI Meets Quantum project; China Scholarship Council(China Scholarship Council); Australian Research Council Project(Australian Research Council); Hong Kong University of Science and Technology (Guangzhou), Innovation Program for Quantum Science and Technology; Education Bureau of Guangzhou Municipality","This work was partially supported by Guangdong Provincial Quantum Science Strategic Initiative (Grant No. GDZX2303007). Guangxi LI acknowledges the support from Quantum Science Center of Guangdong-Hong Kong-Macao Greater Bay Area, Baidu-UTS AI Meets Quantum project, the China Scholarship Council (Grant No. 201806070139), and Australian Research Council Project (Grant No. DP180100691). Xin WANG was partially supported by Start-up Fund (Grant No. G0101000151) from The Hong Kong University of Science and Technology (Guangzhou), Innovation Program for Quantum Science and Technology (Grant No. 2021ZD0302901), and Education Bureau of Guangzhou Municipality. We would like to thank Prof. Sanjiang LI and Prof. Yuan FENG for their helpful discussions. We also thank Zihe WANG and Chenghong ZHU for their help related to the experiments. Part of this work was done when all of the authors were at Baidu Research.",,66,22,22,12,54,SCIENCE PRESS,BEIJING,"16 DONGHUANGCHENGGEN NORTH ST, BEIJING 100717, PEOPLES R CHINA",1674-733X,1869-1919,,SCI CHINA INFORM SCI,Sci. China-Inf. Sci.,APR,2024,67.0,4,,,,,,,142501,10.1007/s11432-023-3879-7,0.0,,,13,"Computer Science, Information Systems; Engineering, Electrical & Electronic",Science Citation Index Expanded (SCI-EXPANDED),Computer Science; Engineering,MY6D1,,,,,2025-08-16,WOS:001197226200005,0
J,"Han, YX; Pan, Y; Wang, JT",,,,"Han, Yin-Xiao; Pan, Yun; Wang, Jing-Tao",,,Quantum semantic coding for structure extraction and matching applications,MODERN PHYSICS LETTERS A,,,English,Article,,,,,,Quantum computing; natural language processing; DisCoCat model,,"Quantum Natural Language Processing (QNLP) is coded in the semantic space using a combined semantic distribution classification model with tensor operations. Its theoretical results on quantum circuit mapping and quantum semantic coding of text have been tested in practice with the recent development of quantum back-end equipment. In view of the small scale of quantum natural language processing tasks, single sentence structure of quantum semantic coding, low text coverage and lack of application, this paper proposes a combination of syntactic structure to extract text and extend the sentence components of quantum semantic coding, which improves the utilization of text processing task of quantum computing resources. In view of the fact that quantum natural language processing has few cases in specific applications, this paper studies the application expansion possibility of quantum text matching and question answering applications. The development path of classical natural language processing is referred to enhance the usefulness and explore the practical ability of QNLP in the current resource-constrained conditions.","[Wang, Jing-Tao] Commun Univ China, State Key Lab Media Convergence & Commun, Beijing 100024, Peoples R China; Commun Univ China, Sch Comp & Cyber Sci, Beijing 100024, Peoples R China",Communication University of China; Communication University of China,"Wang, JT (corresponding author), Commun Univ China, State Key Lab Media Convergence & Commun, Beijing 100024, Peoples R China.",jingtao0621@163.com,,,"National Natural Science Foundation of China [62201525, 61972050, 62172005]; Beijing Municipal Natural Science Foundation [M22002, 4212019]; Research on the strategic project of the Science and TechnologyCommission of the Ministry of Education of China [JYB2022-01]",National Natural Science Foundation of China(National Natural Science Foundation of China (NSFC)); Beijing Municipal Natural Science Foundation(Beijing Natural Science Foundation); Research on the strategic project of the Science and TechnologyCommission of the Ministry of Education of China,"This work was supported by the National Natural Science Foundation of China(62201525, 61972050, 62172005), Beijing Municipal Natural Science Foundation(M22002, 4212019), Research on the strategic project of the Science and TechnologyCommission of the Ministry of Education of China (JYB2022-01).",,28,0,0,0,3,WORLD SCIENTIFIC PUBL CO PTE LTD,SINGAPORE,"5 TOH TUCK LINK, SINGAPORE 596224, SINGAPORE",0217-7323,1793-6632,,MOD PHYS LETT A,Mod. Phys. Lett. A,APR 30,2023,38.0,12-13,,,,,,,2350069,10.1142/S0217732323500694,0.0,,,17,"Astronomy & Astrophysics; Physics, Nuclear; Physics, Particles & Fields; Physics, Mathematical",Science Citation Index Expanded (SCI-EXPANDED),Astronomy & Astrophysics; Physics,R2PP7,,,,,2025-08-16,WOS:001062823500003,0
C,"Uotila, V",,"Culhane, C; Byrd, G; Muller, H; Alexev, Y; Sheldon, S",,"Uotila, Valter",,,Quantum Natural Language Processing Application for Estimating SQL Query Metrics,"2024 IEEE INTERNATIONAL CONFERENCE ON QUANTUM COMPUTING AND ENGINEERING, QCE, VOL 2",,,English,Proceedings Paper,2024 International Conference on Quantum Computing and Engineering,"SEP 15-20, 2024","Montreal, CANADA",,,quantum natural language processing; quantum machine learning; relational databases; SQL; grammars,OPTIMIZATION,"Quantum Natural Language Processing (QNLP) is built on a novel, category theoretical quantum machine learning model, which we use to solve a well-researched problem in the database field: estimating metrics for SQL queries. The metrics we focus on are latency (i.e., the execution time), cost (i.e., a value of how expensive the query is in total), and cardinality (i.e., the number of rows in the result table). The critical link between QNLP and the database problem lies in using grammars, such as context-free grammar. Both natural language and SQL queries admit grammatical presentations, which allow us to develop a comprehensive framework for applying QNLP methods to solve the query estimation problem. The model comprises an encoding mechanism and a training phase, integrating classical and quantum subroutines. The encoding mechanism transforms SQL queries into parametrized quantum circuits as in QNLP. Classical optimization algorithms optimize the circuit parameters during training to predict query metrics. Comparing our model to the QNLP models, our model achieves accuracy comparable to the QNLP model in binary classification tasks. Additionally, we expand upon previous research by implementing multi-class classification tasks and comparing the cardinality estimation results to those of state-of-the-art databases. Our theoretical analysis of the quantum machine learning model includes calculations of its expressibility and entangling capabilities. The analysis reveals that the model possesses beneficial properties, making it suitable to be executed on near-term quantum hardware.","[Uotila, Valter] Univ Helsinki, Helsinki, Finland",University of Helsinki,"Uotila, V (corresponding author), Univ Helsinki, Helsinki, Finland.",valter.uotila@helsinki.fi,,,,,,,17,0,0,0,0,IEEE COMPUTER SOC,LOS ALAMITOS,"10662 LOS VAQUEROS CIRCLE, PO BOX 3014, LOS ALAMITOS, CA 90720-1264 USA",,,,,,,2024,,,,,,,392,393,,10.1109/QCE60285.2024.10321,0.0,,,2,"Computer Science, Theory & Methods; Quantum Science & Technology",Conference Proceedings Citation Index - Science (CPCI-S),Computer Science; Physics,BY4DM,,,,,2025-08-16,WOS:001438832300169,0
C,"Vijayakumar, S; Louis, F",,"Sheng, VS; Hicks, C; Ling, C; Raghavan, V; Wu, X",,"Vijayakumar, Senthilkumar; Louis, Filious",,,Revolutionizing Staffing and Recruiting with Contextual Knowledge Graphs and QNLP: An End-to-End Quantum Training Paradigm,"2023 IEEE INTERNATIONAL CONFERENCE ON KNOWLEDGE GRAPH, ICKG",,,English,Proceedings Paper,14th IEEE International Conference on Knowledge Graph (IEEE ICKG),"DEC 01-02, 2023","Shanghai, PEOPLES R CHINA",,,Artificial Intelligence (AI); Knowledge Graph (KG); Quantum Natural Language Processing (QNLP); Large Language Models (LLM); Contextual Information Extraction & Retrieval Systems,,"The staffing and recruiting industry is continuously evolving, and recent advancements in Knowledge Graphs (KG) and Quantum Natural Language Processing (QNLP) has garnered considerable attention. The integration of these state-of-the-art technologies is fueled by the necessity to improve language models' capacity to comprehend context and make precise decisions. This research paper presents a novel approach to revolutionize the staffing and recruiting industry by integrating Knowledge Graph (KG) and Quantum Natural Language Processing (QNLP) to formulate an end-to-end QNLP training pipeline. The proposed solution consists of three interdependent subsystems that work in unison to construct contextual KG and train language models. The Information Extraction subsystem extracts semantic relationships and connections between entities from large and complex recruitment data to construct domain specific contextual KG. The QNLP model training pipeline subsystem, which is fed with domain-rich KG data, runs on Quantum Circuits, accelerates the training process by effectively incorporating high-dimensional features to the deep layers of language models. Finally, the Information Retrieval subsystem is based on semantic data taxonomy, retrieving contextual data from the KG for the trained language models to be implemented on various distinctive use cases in the staffing and recruiting industry. This solution provides a faster and more contextual approach to analyze recruitment data, empowering recruiters to concentrate on strategic tasks such as candidate engagement and client relationship building, ultimately leading to better business decision-making capabilities.",,,,senthil.vijayakumar@ieee.com; filious.louis@ieee.com,,"Vijayakumar, Senthilkumar/0009-0009-6436-9003",,,,,15,1,1,0,4,IEEE,NEW YORK,"345 E 47TH ST, NEW YORK, NY 10017 USA",,,979-8-3503-0709-2,,,,2023,,,,,,,45,51,,10.1109/ICKG59574.2023.00011,0.0,,,7,"Computer Science, Artificial Intelligence",Conference Proceedings Citation Index - Science (CPCI-S),Computer Science,BW5RD,,,,,2025-08-16,WOS:001166570200006,0
J,"Meichanetzidis, K; Toumi, A; de Felice, G; Coecke, B",,,,"Meichanetzidis, Konstantinos; Toumi, Alexis; de Felice, Giovanni; Coecke, Bob",,,Grammar-aware sentence classification on quantum computers,QUANTUM MACHINE INTELLIGENCE,,,English,Article,,,,,,String diagrams; Compositionality; Natural language processing; Quantum computing,LANGUAGE; ALGORITHM,"Natural language processing (NLP) is at the forefront of great advances in contemporary AI, and it is arguably one of the most challenging areas of the field. At the same time, in the area of quantum computing (QC), with the steady growth of quantum hardware and notable improvements towards implementations of quantum algorithms, we are approaching an era when quantum computers perform tasks that cannot be done on classical computers with a reasonable amount of resources. This provides an new range of opportunities for AI, and for NLP specifically. In this work, we work with the Categorical Distributional Compositional (DisCoCat) model of natural language meaning, whose underlying mathematical underpinnings make it amenable to quantum instantiations. Earlier work on fault-tolerant quantum algorithms has already demonstrated potential quantum advantage for NLP, notably employing DisCoCat. In this work, we focus on the capabilities of noisy intermediate-scale quantum (NISQ) hardware and perform the first implementation of an NLP task on a NISQ processor, using the DisCoCat framework. Sentences are instantiated as parameterised quantum circuits; word-meanings are embedded in quantum states using parameterised quantum-circuits and the sentence's grammatical structure faithfully manifests as a pattern of entangling operations which compose the word-circuits into a sentence-circuit. The circuits' parameters are trained using a classical optimiser in a supervised NLP task of binary classification. Our novel QNLP model shows concrete promise for scalability as the quality of the quantum hardware improves in the near future and solidifies a novel branch of experimental research at the intersection of QC and AI.","[Meichanetzidis, Konstantinos; Toumi, Alexis; de Felice, Giovanni; Coecke, Bob] Quantinuum, 17 Beaumont St, Oxford OX1 2NA, England; [Meichanetzidis, Konstantinos; Toumi, Alexis; de Felice, Giovanni; Coecke, Bob] Univ Oxford, Dept Comp Sci, Oxford OX1 3QD, England",University of Oxford,"Meichanetzidis, K (corresponding author), Quantinuum, 17 Beaumont St, Oxford OX1 2NA, England.;Meichanetzidis, K (corresponding author), Univ Oxford, Dept Comp Sci, Oxford OX1 3QD, England.",k.mei@quantinuum.com,"Toumi, Alexis/JLM-1985-2023",,,,,,73,15,15,0,4,SPRINGERNATURE,LONDON,"CAMPUS, 4 CRINAN ST, LONDON, N1 9XW, ENGLAND",2524-4906,2524-4914,,QUANT MACH INTELL,Quant. Mach. Intell.,JUN,2023,5.0,1,,,,,,,10,10.1007/s42484-023-00097-1,0.0,,,16,"Computer Science, Artificial Intelligence; Quantum Science & Technology",Emerging Sources Citation Index (ESCI),Computer Science; Physics,8X8NN,,Green Submitted,,,2025-08-16,WOS:000932265600001,0
C,"Liu, TY; Wei, YY; Wang, JT",,"Lin, W; Zhou, J; Liu, J; Shang, W; Zhang, J; Xu, S",,"Liu, Tingyu; Wei, Yingying; Wang, Jingtao",,,Research on Distributional Compositional Categorical Model in Both Classical and Quantum Natural Language Processing,"27TH IEEE/ACIS INTERNATIONAL SUMMER CONFERENCE ON SOFTWARE ENGINEERING ARTIFICIAL INTELLIGENCE NETWORKING AND PARALLEL/DISTRIBUTED COMPUTING, SNPD 2024-SUMMER",ACIS International Conference on Software Engineering Artificial Intelligence Networking and Parallel Distributed Computing-SNPD,,English,Proceedings Paper,"27th IEEE/ACIS International Conference on Software Engineering, Artificial Intelligence, Networking and Parallel/Distributed Computing (SNPD)","JUL 05-07, 2024","Beijing, PEOPLES R CHINA",,,DisCoCat; QNLP; text representation,,"Language models based on neural network primarily focus on learning patterns and representations from the input data, without explicitly modeling the grammatical structure of the text, thus often lacks of the consideration of syntax information. The distributional compositional categorical (DisCoCat) model is a framework that can both capture the distributional information of words and the syntactic structure of sentence. Thus, we research the application of DisCoCat models in both quantum and classical natural language processing. Specifically, in classical and quantum natural language processing, we respectively converted sentences into tensor networks and quantum circuits based on the DisCoCat model to get representation containing both semantic and syntactic information of language in classical and quantum computer. We conduct experiment for a text binary classification task in both classical and quantum natural language processing setting to verify the effectiveness of DisCoCat model. The experimental results shown that the combination of DisCoCat with quantum computing has significant potential.","[Liu, Tingyu; Wei, Yingying; Wang, Jingtao] Commun Univ China, State Key Lab Media Convergence & Commun, Sch Comp & Cyber Sci, Beijing, Peoples R China",Communication University of China,"Liu, TY (corresponding author), Commun Univ China, State Key Lab Media Convergence & Commun, Sch Comp & Cyber Sci, Beijing, Peoples R China.",tingyuliu@cuc.edu.cn; cuc_weiying@cuc.edu.cn; jingtao0621@163.com,"Liu, Ting-Yu/J-1144-2017",,"National Natural Science Foundation of China [62201525, 61972050]; Fundamental Research Funds for the Central Universities [CUC24QT08]",National Natural Science Foundation of China(National Natural Science Foundation of China (NSFC)); Fundamental Research Funds for the Central Universities(Fundamental Research Funds for the Central Universities),"This work was supported by the National Natural Science Foundation of China (62201525, 61972050), the Fundamental Research Funds for the Central Universities (CUC24QT08).",,15,0,0,1,1,IEEE COMPUTER SOC,LOS ALAMITOS,"10662 LOS VAQUEROS CIRCLE, PO BOX 3014, LOS ALAMITOS, CA 90720-1264 USA",2639-5495,,979-8-3503-9196-1; 979-8-3503-9195-4,ACIS Int Conf Softw,,,2024,,,,,,,66,71,,10.1109/SNPD61259.2024.10673943,0.0,,,6,"Computer Science, Artificial Intelligence; Computer Science, Interdisciplinary Applications; Computer Science, Software Engineering",Conference Proceedings Citation Index - Science (CPCI-S),Computer Science,BX8AV,,,,,2025-08-16,WOS:001329095800017,0
C,"Buonaiuto, G; Guarasci, R; Esposito, M",,,ASSOC COMPUTING MACHINERY,"Buonaiuto, Giuseppe; Guarasci, Raffaele; Esposito, Massimo",,,Quantum Transfer Learning for Sentiment Analysis: an experiment on an Italian corpus,"PROCEEDINGS OF THE ACM ON WORKSHOP ON QUANTUM SEARCH AND INFORMATION RETRIEVAL, QUASAR 2024",,,English,Proceedings Paper,Workshop on QUAntum Search And information Retrieval (QUASAR),"JUN 03-04, 2024","Pisa, ITALY",,,Variational Quantum Classifier; Quantum Transfer Learning; QNLP,,"tasks in Natural Language Processing (NLP) and other domains has increasingly becoming a successful trend to deal complex language phenomena or to fill task or domain-specific gaps with an approach that needs less data and minor computational resources. The field that has, to date, yielded more quantum-based attention is the retrieval and classification of textual data. This work aims to replicate the excellent results of hybrid quantum approaches for syntactic tasks on semantic classification tasks. In detail, a quantum machine learning algorithm, namely, the Variational Quantum Classifier (VQC), is used to perform sentiment analysis classification tasks. This algorithm can deduce the relationships between input features and their corresponding class affiliations us ing a parametrized quantum circuit and an encoding layer that translates classical data into quantum states. The approach has been tested on a well-known benchmark annotated dataset used for the Italian language, and the results have been compared to existing baselines, pointing out state-of-the-art scores.","[Buonaiuto, Giuseppe; Guarasci, Raffaele; Esposito, Massimo] ICAR CNR, Naples, Italy",Consiglio Nazionale delle Ricerche (CNR); Istituto di Calcolo e Reti ad Alte Prestazioni (ICAR-CNR),"Buonaiuto, G (corresponding author), ICAR CNR, Naples, Italy.",giuseppe.buonaiuto@icar.cnr.it; raffaele.guarasci@icar.cnr.it; massimo.esposito@icar.cnr.it,,"Buonaiuto, D.M./0000-0003-4022-2591; GUARASCI, RAFFAELE/0000-0002-0106-8635",PNR MUR project [PE0000013-FAIR],PNR MUR project,We acknowledge financial support from the project PNR MUR project PE0000013-FAIR.,,51,1,1,0,0,ASSOC COMPUTING MACHINERY,NEW YORK,"1601 Broadway, 10th Floor, NEW YORK, NY, UNITED STATES",,,979-8-4007-0646-2,,,,2024,,,,,,,25,30,,10.1145/3660318.3660325,0.0,,,6,"Computer Science, Artificial Intelligence; Computer Science, Information Systems; Computer Science, Theory & Methods",Conference Proceedings Citation Index - Science (CPCI-S),Computer Science,BX7JK,,,,,2025-08-16,WOS:001322537700004,0
J,"O'Riordan, LJ; Doyle, M; Baruffa, F; Kannan, V",,,,"O'Riordan, Lee J.; Doyle, Myles; Baruffa, Fabio; Kannan, Venkatesh",,,A hybrid classical-quantum workflow for natural language processing,MACHINE LEARNING-SCIENCE AND TECHNOLOGY,,,English,Article,,,,,,quantum computing; NLP; AI; HPC,,"Natural language processing (NLP) problems are ubiquitous in classical computing, where they often require significant computational resources to infer sentence meanings. With the appearance of quantum computing hardware and simulators, it is worth developing methods to examine such problems on these platforms. In this manuscript we demonstrate the use of quantum computing models to perform NLP tasks, where we represent corpus meanings, and perform comparisons between sentences of a given structure. We develop a hybrid workflow for representing small and large scale corpus data sets to be encoded, processed, and decoded using a quantum circuit model. In addition, we provide our results showing the efficacy of the method, and release our developed toolkit as an open software suite.","[O'Riordan, Lee J.; Doyle, Myles; Kannan, Venkatesh] Irish Ctr High End Comp, Dublin, Ireland; [O'Riordan, Lee J.; Doyle, Myles; Kannan, Venkatesh] Natl Univ Ireland, Galway, Ireland; [Baruffa, Fabio] Intel Deutschland GmbH, Feldkirchen, Germany",Ollscoil na Gaillimhe-University of Galway; Intel Corporation; Intel Germany,"O'Riordan, LJ (corresponding author), Irish Ctr High End Comp, Dublin, Ireland.;O'Riordan, LJ (corresponding author), Natl Univ Ireland, Galway, Ireland.",lee.oriordan@ichec.ie,"O'Riordan, Lee/C-3627-2012; m, venkateshkannan/ADO-6347-2022","O'Riordan, Lee/0000-0002-6758-9433; Doyle, Myles/0000-0001-7889-8357;",Enterprise Ireland; European Union [IP 2018 0751]; Intel,Enterprise Ireland; European Union(European Union (EU)); Intel(Intel Corporation),"We would like to thank Prof. Bob Coecke and Dr Ross Duncan for discussions and suggestions during the early stages of this work. The work leading to this publication has received funding from Enterprise Ireland and the European Union's Regional Development Fund under grant agreement IP 2018 0751. The opinions, findings and conclusions or recommendations expressed in this material are those of the authors and neither Enterprise Ireland nor the European Union are liable for any use that may be made of information contained herein. The authors also acknowledge funding and support from Intel during the duration of this project.",,45,12,13,3,17,IOP Publishing Ltd,BRISTOL,"TEMPLE CIRCUS, TEMPLE WAY, BRISTOL BS1 6BE, ENGLAND",,2632-2153,,MACH LEARN-SCI TECHN,Mach. Learn.-Sci. Technol.,MAR,2021,2.0,1,,,,,,,15011,10.1088/2632-2153/abbd2e,0.0,,,24,"Computer Science, Artificial Intelligence; Computer Science, Interdisciplinary Applications; Multidisciplinary Sciences",Science Citation Index Expanded (SCI-EXPANDED),Computer Science; Science & Technology - Other Topics,SQ6YW,,"gold, Green Submitted",,,2025-08-16,WOS:000660500300016,0
J,"Abbaszade, M; Salari, V; Mousavi, SS; Zomorodi, M; Zhou, XJ",,,,"Abbaszade, Mina; Salari, Vahid; Mousavi, Seyed Shahin; Zomorodi, Mariam; Zhou, Xujuan",,,Application of Quantum Natural Language Processing for Language Translation,IEEE ACCESS,,,English,Article,,,,,,Semantics; Quantum circuit; Tensors; Machine translation; Computational modeling; Decoding; Mathematical model; Q-NLP; DisCoCat diagrams; ZX-calculus; quantum circuits; Q-LSTM,,"In this paper, we develop compositional vector-based semantics of positive transitive sentences using quantum natural language processing (Q-NLP) to compare the parametrized quantum circuits of two synonymous simple sentences in English and Persian. We propose a protocol based on quantum long short-term memory (Q-LSTM) for Q-NLP to perform various tasks in general but specifically for translating a sentence from English to Persian. Then, we generalize our method to use quantum circuits of sentences as an input for the Q-LSTM cell. This enables us to translate sentences in different languages. Our work paves the way toward representing quantum neural machine translation, which may demonstrate quadratic speedup and converge faster or reaches a better accuracy over classical methods.","[Abbaszade, Mina] Isfahan Univ Technol, Dept Phys, Esfahan 8415683111, Iran; [Salari, Vahid] Basque Ctr Appl Math BCAM, Bilbao 48009, Spain; [Salari, Vahid] Univ Basque Country UPV EHU, Dept Phys Chem, Bilbao 48080, Spain; [Salari, Vahid] Howard Univ, Quantum Biol Lab, Washington, DC 20059 USA; [Mousavi, Seyed Shahin] Shahid Bahonar Univ Kerman, Dept Pure Math, Kerman 7616914111, Iran; [Zomorodi, Mariam] Ferdowsi Univ Mashhad, Dept Comp Engn, Mashhad 917794897, Razavi Khorasan, Iran; [Zomorodi, Mariam] Cracow Univ Technol, Fac Comp Sci & Telecommun, PL-31155 Krakow, Poland; [Zhou, Xujuan] Univ Southern Queensland, Sch Business, Springfield Campus, Springfield Cent, Qld 4300, Australia",Isfahan University of Technology; Basque Center for Applied Mathematics (BCAM); University of Basque Country; Howard University; Shahid Bahonar University of Kerman (SBUK); Ferdowsi University Mashhad; Cracow University of Technology; University of Southern Queensland,"Salari, V (corresponding author), Basque Ctr Appl Math BCAM, Bilbao 48009, Spain.;Salari, V (corresponding author), Univ Basque Country UPV EHU, Dept Phys Chem, Bilbao 48080, Spain.;Salari, V (corresponding author), Howard Univ, Quantum Biol Lab, Washington, DC 20059 USA.;Zhou, XJ (corresponding author), Univ Southern Queensland, Sch Business, Springfield Campus, Springfield Cent, Qld 4300, Australia.",vahidsalari742@gmail.com; xujuan.zhou@usq.edu.au,"Mousavi, Seyed/N-5004-2017; Zhou, Xujuan/HIZ-7836-2022; abbaszade, mina/AAL-4964-2021; Zomorodi, Mariam/HPD-8439-2023","Zomorodi, Mariam/0000-0002-1308-3453; abbaszadeh, mina/0000-0001-5437-5674; Zhou, Xujuan/0000-0002-1736-739X","Spanish State Research Agency through BCAM479 Severo Ochoa excellence accreditation [SEV-2017-0718]; European project on Quantum Technologies, QMiCS [820505]; European project on Quantum Technologies, EU FET Open Grant Quromorphic; European project on Quantum Technologies, EPIQUS [899368]; BERC 2018-2021 program","Spanish State Research Agency through BCAM479 Severo Ochoa excellence accreditation; European project on Quantum Technologies, QMiCS; European project on Quantum Technologies, EU FET Open Grant Quromorphic; European project on Quantum Technologies, EPIQUS; BERC 2018-2021 program","The work of Vahid Salari was supported by the Spanish State Research Agency through BCAM479 Severo Ochoa excellence accreditation SEV-2017-0718, BERC 2018-2021 program, and European projects on Quantum Technologies, QMiCS (Grant No. 820505), EPIQUS (Grant No. 899368), and EU FET Open Grant Quromorphic.",,41,27,28,4,57,IEEE-INST ELECTRICAL ELECTRONICS ENGINEERS INC,PISCATAWAY,"445 HOES LANE, PISCATAWAY, NJ 08855-4141 USA",2169-3536,,,IEEE ACCESS,IEEE Access,,2021,9.0,,,,,,130434,130448,,10.1109/ACCESS.2021.3108768,0.0,,,15,"Computer Science, Information Systems; Engineering, Electrical & Electronic; Telecommunications",Science Citation Index Expanded (SCI-EXPANDED),Computer Science; Engineering; Telecommunications,UY0IR,,"Green Published, gold",,,2025-08-16,WOS:000701217800001,0
C,"Cavar, D; Zhang, C",,"Culhane, C; Byrd, G; Muller, H; Alexev, Y; Sheldon, S",,"Cavar, Damir; Zhang, Chi",,,Semantic Similarities using Classical Embeddings in Quantum NLP,"2024 IEEE INTERNATIONAL CONFERENCE ON QUANTUM COMPUTING AND ENGINEERING, QCE, VOL 2",,,English,Proceedings Paper,2024 International Conference on Quantum Computing and Engineering,"SEP 15-20, 2024","Montreal, CANADA",,,Word embeddings; Semantic Similarity; Quantum Embeddings; Natural Language Processing,,"We demonstrate how word and text embeddings as n-dimensional real vectors used in classical Natural Language Processing (NLP)/AI applications can be mapped to quantum states or quantum embedding representations in Quantum Applications using NLP and AI. Models like fastText [1], [2], GloVe [3], Numberbatch [4], or BERT [5] are common NLP embedding vectors or models that encode semantic properties of words or text fragments. We use these models to evaluate mapping properties and compression rate, as well as information preservation in quantum embeddings. For mapping embedding vectors to quantum states, we use encoding strategies, such as Amplitude Encoding. The encoding strategies allow us to map large dense vectors from the embedding models to compact quantum states using different compression ratios. The compression with Amplitude Encoding can be 2(n) to N, resulting in a mapping of a 1,024-dimensional vector of reals in the classical environment to a 10-qubit state. The goal of this work is to evaluate these strategies with respect to their compression ratio and measure the preservation of semantic information using similarity scores. We show that the resulting quantum embeddings based on mapped classical computing embeddings exhibit the same relational properties and that there is no significant loss of semantic information in the conversion from classical n-dimensional real vector embeddings to qubit states. We conclude that the experimental results allow us to quantum compute semantic similarities of words or text, reusing existing and freely available embedding models from classical NLP/AI computing.","[Cavar, Damir; Zhang, Chi] Indiana Univ Bloomington, Bloomington, IN 47405 USA",Indiana University System; Indiana University Bloomington,"Cavar, D (corresponding author), Indiana Univ Bloomington, Bloomington, IN 47405 USA.",dcavar@iu.edu; czh4@iu.edu,,"Zhang, Chi/0009-0003-8429-974X",,,,,12,0,0,0,0,IEEE COMPUTER SOC,LOS ALAMITOS,"10662 LOS VAQUEROS CIRCLE, PO BOX 3014, LOS ALAMITOS, CA 90720-1264 USA",,,,,,,2024,,,,,,,450,451,,10.1109/QCE60285.2024.10350,0.0,,,2,"Computer Science, Theory & Methods; Quantum Science & Technology",Conference Proceedings Citation Index - Science (CPCI-S),Computer Science; Physics,BY4DM,,,,,2025-08-16,WOS:001438832300198,0
C,"Hou, XK; Yang, YL; Wang, XT",,,IEEE,"Hou, Xiaokai; Yang, Yingli; Wang, Xiaoting",,,Realization of Long Short-Term Memory Networks on Quantum Circuits,"2022 13TH ASIAN CONTROL CONFERENCE, ASCC",Asian Control Conference ASCC,,English,Proceedings Paper,13th Asian Control Conference (ASCC),"MAY 04-07, 2022","Asian Control Assoc, Jeju, SOUTH KOREA",,Asian Control Assoc,Natural language processing; Quantum machine learning; Quantum long short-term memory neural network,,"As one of the well-known methods to solve natural language processing (NLP) problems, the long short-term memory neural network (LSTM) has been designed to implement on quantum computers. However, existing method requires the number of qubits is equal to the dimension of the word vectors, and may result in a surge of the qubit number. To address this problem, we propose a duplication-free quantum long short-term memory neural network (DQLSTM). Specifically, our DQLSTM adopts the amplitude encoding method to store the classical information, and further can reduce the requirement for the number of qubits. Our numerical results show that our DQLSTM has similar effectiveness to the classical counterpart in a Chinese sentiment analysis task, and outperforms several previous proposals in the same task.","[Hou, Xiaokai; Yang, Yingli; Wang, Xiaoting] Univ Elect Sci & Technol China, Inst Fundamental & Frontier Sci, Chengdu, Peoples R China",University of Electronic Science & Technology of China,"Hou, XK (corresponding author), Univ Elect Sci & Technol China, Inst Fundamental & Frontier Sci, Chengdu, Peoples R China.",xiaokaihou615@std.uestc.edu.cn; yangyingli1999@gmail.com; xiaoting@uestc.edu.cn,,,National Key R&D Program of China [2018YFA0306703],National Key R&D Program of China,"Xiaokai Hou and Yingli Yang contributed equally to this work. The authors gratefully acknowledge the grant from National Key R&D Program of China, Grant No. 2018YFA0306703.",,46,3,3,0,0,IEEE,NEW YORK,"345 E 47TH ST, NEW YORK, NY 10017 USA",2072-5639,,978-89-93215-23-6,ASIA CONTROL CONF AS,,,2022,,,,,,,2360,2366,,,,,,7,"Automation & Control Systems; Computer Science, Interdisciplinary Applications; Computer Science, Theory & Methods",Conference Proceedings Citation Index - Science (CPCI-S),Automation & Control Systems; Computer Science,BX8TS,,,,,2025-08-16,WOS:001338042700312,0
J,"Ardeshir-Larijani, E; Fatmehsari, MMN",,,,"Ardeshir-Larijani, Ebrahim; Nasiri Fatmehsari, Mohammad Mahdi",,,Hybrid classical-quantum transfer learning for text classification,QUANTUM MACHINE INTELLIGENCE,,,English,Article,,,,,,Quantum machine learning; Natural language processing; Variational quantum computing,,"Quantum machine learning (QML) is a promising field that combines the power of quantum computing with machine learning. Variational quantum circuits, where parameters of circuits are learned classically, have been widely used in many recent applications of QML. This is an instance of a hybrid quantum-classical framework, where both classical and quantum components are present. However, applying these techniques to applications involving massive data is a challenging task. One way to overcome this, is using the concept of classical-quantum transfer learning with the help of a dressed quantum circuit, introduced recently, where the underlying neural architecture is pre-trained classically, but at the final steps (decision layer), a quantum circuit is used, followed by quantum measurements and post-processing to classify images with high precision. In this paper, we applied hybrid classical-quantum transfer learning to another task of massive data processing, i.e., natural language processing (NLP). We show how to (binary) classify short texts (e.g., SMS) with classical-quantum transfer learning, which was originally applied to image processing only. Our quantum network uses pre-trained Bidirectional Encoder Representations from the Transformers (BERT) model, and its variational quantum circuit is fine-tuned for text processing. We evaluated the performance of our hybrid neural architecture using the receiver operating characteristic (ROC) curve, which is typically used in the evaluation of classification problems. The results indicate high precision as well as lower loss function. To our knowledge, our work is the first application of quantum transfer learning to the area of NLP. Finally, a comparison with a tool that uses learning but in a different way than transfer learning is presented.","[Ardeshir-Larijani, Ebrahim] Iran Univ Sci & Technol, Sch Math & Comp Sci, Tehran, Iran; [Nasiri Fatmehsari, Mohammad Mahdi] Pasargad Inst Adv Innovat Solut, Tehran, Iran",Iran University Science & Technology,"Ardeshir-Larijani, E (corresponding author), Iran Univ Sci & Technol, Sch Math & Comp Sci, Tehran, Iran.",larijani@iust.ac.ir; Mehdi.nafa1373@gmail.com,"ArdeshirLarijani, Ebrahim/KGL-5538-2024","Ardeshir-Larijani, Ebrahim/0000-0001-6432-2437",,,,,15,1,1,1,9,SPRINGERNATURE,LONDON,"CAMPUS, 4 CRINAN ST, LONDON, N1 9XW, ENGLAND",2524-4906,2524-4914,,QUANT MACH INTELL,Quant. Mach. Intell.,JUN,2024,6.0,1,,,,,,,19,10.1007/s42484-024-00147-2,0.0,,,12,"Computer Science, Artificial Intelligence; Quantum Science & Technology",Emerging Sources Citation Index (ESCI),Computer Science; Physics,LI4Q3,,Green Submitted,,,2025-08-16,WOS:001186151500001,0
J,"Nguyen, PN",,,,"Nguyen, Phuong-Nam",,,Quantum word embedding for machine learning,PHYSICA SCRIPTA,,,English,Article,,,,,,quantum computing; bioinformatics; data analysis,SEQUENCE; DESIGN,"The accelerated progress in quantum computing has enabled a new form of machine intelligence that runs on quantum hardware, which holds great promise for more powerful computational models in various learning tasks. An emergent application of Quantum Machine Intelligence (QMI) is Quantum Natural Language Processing (QNLP). This paper proposes a multi-dimensional, finite automaton model for quantum word embedding (QWE) via the Galois field. We demonstrated the model to three applications: (1) English vocabulary, (2) amino acid-based genetic codes, and (3) DNA-based genetic codes. The numerical results obtained from the proposed algorithm for the English vocabulary indicate that it produces more representative word features than Word2Vec based on the word distance metric. Second, the proposed algorithm is also utilized to model RNA-Protein interaction based on the latent distance of a given molecule, which is demonstrated on three large datasets, namely RPI369, RPI1807, and RPI2241. Finally, two embedding techniques for DNA-based genetic codes are proposed in this work: Two-state Lackadaisical Encoding (TCE) and Topological-Cyclic Encoding (TLE). These techniques enable extracting relevant features for the efficacy score of gRNAs used in the CRISPR-Cas 9 system, demonstrated on 15 datasets, compared to 12 mathematical features. We make our implementation available at https://github.com/namnguyen0510/Quantum-Embedding-of-Word/tree/main.","[Nguyen, Phuong-Nam] PHENIKAA Univ, Fac Comp Sci, Hanoi 12116, Vietnam",,"Nguyen, PN (corresponding author), PHENIKAA Univ, Fac Comp Sci, Hanoi 12116, Vietnam.",nam.nguyenphuong@phenikaa-uni.edu.vn,,,"G.A.I.A Qtech Limited Company [RF-QML-N.00001]; G.A.I.A Qtech Limited Company, Vietnam","G.A.I.A Qtech Limited Company; G.A.I.A Qtech Limited Company, Vietnam","This research was supported by G.A.I.A Qtech Limited Company, Vietnam, under the funding RF-QML-N.00001. The author gratefully acknowledges the support provided by Phenikaa University throughout the project.",,49,1,1,4,12,IOP Publishing Ltd,BRISTOL,"TEMPLE CIRCUS, TEMPLE WAY, BRISTOL BS1 6BE, ENGLAND",0031-8949,1402-4896,,PHYS SCRIPTA,Phys. Scr.,AUG 1,2024,99.0,8,,,,,,,86004,10.1088/1402-4896/ad6299,0.0,,,19,"Physics, Multidisciplinary",Science Citation Index Expanded (SCI-EXPANDED),Physics,ZL1Y4,,,,,2025-08-16,WOS:001275375500001,0
J,"Pandey, S; Pakray, P; Manna, R",,,,"Pandey, Shyambabu; Pakray, Partha; Manna, Riyanka",,,Quantum Classifier for Natural Language Processing Applications,COMPUTACION Y SISTEMAS,,,English,Article,,,,,,Quantum computing; quantum machine learning; natural language processing,,"A deep neural network is a branch of machine learning that is capable of learning and representing complex patterns from a dataset through interconnected multiple layers of neurons. This capability makes it applicable in various fields, such as natural language processing, image processing, and computer vision. Deep learning models show effective performance but face challenges such as complexity and resource demands. On the other hand, quantum machine learning algorithms offer an alternative with potential efficiency compared to their classical counterparts. This paper proposes a Quantum Recurrent Neural Network (QRNN) for natural language processing tasks, which classify text data such as parts of speech, named entity recognition, parameterized quantum circuits that contain the tunable to represent classical data into quantum states, partial measurement for label determination, and ancilla qubits the next.","[Pandey, Shyambabu; Pakray, Partha] Natl Inst Technol Silchar, Silchar, Assam, India; [Manna, Riyanka] Amrita Vishwa Vidyapeetham, Amaravati, Ettimadai, India",National Institute of Technology (NIT System); National Institute of Technology Silchar; Amrita Vishwa Vidyapeetham,"Pakray, P (corresponding author), Natl Inst Technol Silchar, Silchar, Assam, India.",babushyampandey@gmail.com; parthapakray@gmail.com; riyankamanna16@gmail.com,"Pakray, Partha/H-7805-2012; Manna, Riyanka/AFM-4456-2022",,MeitY Quantum Computing Applications Lab (QCAL) [N-21/17/2020-NeGD],MeitY Quantum Computing Applications Lab (QCAL),The work presented here falls under Project Entitled Quantum Machine Learning for Natural Language Processing Applications (Grant Ref. No. N-21/17/2020-NeGD) supported by MeitY Quantum Computing Applications Lab (QCAL) .,,24,0,0,3,4,"Inst Politecnico Nacional IPN, Centro Investigacion Computacion",MEXICO CITY,"AV JUAN DIOS BATIZ, S N ESQ M OTHON MENDIZABAL, UP ADOLFO LOPEZ MATEOS ZACATENCO, MEXICO CITY, 07738, MEXICO",1405-5546,2007-9737,,COMPUT SIST,Comput. Sist.,,2024,28.0,2,,,,,695,700,,10.13053/CyS-28-2-5016,0.0,,,6,"Computer Science, Information Systems",Emerging Sources Citation Index (ESCI),Computer Science,XH6I7,,,,,2025-08-16,WOS:001260827000026,0
J,"Pandey, S; Basisth, NJ; Sachan, T; Kumari, N; Pakray, P",,,,"Pandey, Shyambabu; Basisth, Nihar Jyoti; Sachan, Tushar; Kumari, Neha; Pakray, Partha",,,Quantum machine learning for natural language processing application,PHYSICA A-STATISTICAL MECHANICS AND ITS APPLICATIONS,,,English,Article,,,,,,Quantum computing; Quantum machine learning; Natural language processing; POS tagging,,"Quantum computing is a speedily emerging area that applies quantum mechanics properties to solve complex problems that are difficult for classical computing. Machine learning is a sub-field of artificial intelligence which makes computers learn patterns from experiences. Due to the exponential growth of data, machine learning algorithms may be insufficient for big data, whereas on other side quantum computing can do fast computing. A combination of quantum computing and machine learning gave rise to a new field known as quantum machine learning. Quantum machine learning algorithms take advantage of the fast processing of quantum computing and show speedup compared to their classical counterpart. Natural language processing is another area of artificial intelligence that enables the computer to understand human languages. Now, researchers are trying to take advantage of quantum machine learning speedup in natural language processing applications. In this paper, first, we discuss the path from quantum computing to quantum machine learning. Then we review the state of the art of quantum machine learning for natural language processing applications. We also provide classical and quantum-based long short-term memory for parts of speech tagging on social media code mixed language. Our experiment shows that quantum-based long short-term memory performance is better than classical long short-term memory for parts of speech tagging of code-mixed datasets.(c) 2023 Elsevier B.V. All rights reserved.","[Pandey, Shyambabu; Basisth, Nihar Jyoti; Sachan, Tushar; Kumari, Neha; Pakray, Partha] NIT Silchar, Comp Sci & Engn, Silchar, India",National Institute of Technology (NIT System); National Institute of Technology Silchar,"Pakray, P (corresponding author), NIT Silchar, Comp Sci & Engn, Silchar, India.",partha@cse.nits.ac.in,"Pakray, Partha/H-7805-2012","Pakray, Partha/0000-0003-3834-5154","MeitY Quantum Computing Applications Lab (QCAL), India [N-21/17/2020-NeGD]","MeitY Quantum Computing Applications Lab (QCAL), India","The work presented here falls under the Research Project Grant Ref. No. N-21/17/2020-NeGD supported by MeitY Quantum Computing Applications Lab (QCAL) , India.",,61,11,12,1,21,ELSEVIER,AMSTERDAM,"RADARWEG 29, 1043 NX AMSTERDAM, NETHERLANDS",0378-4371,1873-2119,,PHYSICA A,Physica A,OCT 1,2023,627.0,,,,,,,,129123,10.1016/j.physa.2023.129123,0.0,,AUG 2023,17,"Physics, Multidisciplinary",Science Citation Index Expanded (SCI-EXPANDED),Physics,AE9C0,,,,,2025-08-16,WOS:001116894500001,0
J,"Yu, Y; Qiu, D; Yan, RT",,,,"Yu, Yan; Qiu, Dong; Yan, Ruiteng",,,A Quantum Entanglement-Based Approach for Computing Sentence Similarity,IEEE ACCESS,,,English,Article,,,,,,Computational modeling; Semantics; Quantum computing; Quantum entanglement; Tensile stress; Natural language processing; Quantum computation; text representation; sentence similarity; tensor product; dimensionality reduction,SEARCH; LSTM,"It is important to learn directly from original texts in natural language processing (NLP). Many deep learning (DP) models needing a large number of manually annotated data are not effective in deriving much information from corpora with few annotated labels. Existing methods using unlabeled language information to provide valuable messages consume considerable time and cost. Our provided sentence representation based on quantum computation (called Model I) needs no prior knowledge except word2vec. To reduce some semantic noise caused by the tensor product on the entangled words vector, two improved models (called Model II and Model III) are proposed to reduce the dimensions of the sentence embedding stimulated by Model I. The provided models are evaluated in the STS tasks of 2012, 2014, 2015 and 2016, for a total of 21 corpora. Experimental results show that using quantum entanglement and dimensionality reduction in sentence embedding yields state-of-the-art performances on semantic relations and syntactic structures. Compared to the Pearson correlation coefficient (Pcc) and mean squared error (MSE), the results of 16 out of 16 corpora are better than the results of the comparative methods.","[Yu, Yan; Qiu, Dong; Yan, Ruiteng] Chongqing Univ Posts & Telecommun, Sch Comp Sci & Technol, Chongqing 400065, Peoples R China; [Yu, Yan] Chongqing Univ Posts & Telecom, Coll Mobile Telecommun, Chongqing 401520, Peoples R China",Chongqing University of Posts & Telecommunications; Chongqing University of Posts & Telecommunications,"Qiu, D (corresponding author), Chongqing Univ Posts & Telecommun, Sch Comp Sci & Technol, Chongqing 400065, Peoples R China.",dongqiumath@163.com,", /HGC-7065-2022; Qiu, Dong/C-7489-2009","Qiu, Dong/0000-0002-4088-5371","National Natural Science Foundation of China [11671001]; Doctor Training Program, Chongqing University of Posts and Telecommunications, China [BYJS201915]","National Natural Science Foundation of China(National Natural Science Foundation of China (NSFC)); Doctor Training Program, Chongqing University of Posts and Telecommunications, China","This work was supported in part by the National Natural Science Foundation of China under Grant 11671001, and in part by the Doctor Training Program, Chongqing University of Posts and Telecommunications, China, under Grant BYJS201915.",,58,3,3,0,11,IEEE-INST ELECTRICAL ELECTRONICS ENGINEERS INC,PISCATAWAY,"445 HOES LANE, PISCATAWAY, NJ 08855-4141 USA",2169-3536,,,IEEE ACCESS,IEEE Access,,2020,8.0,,,,,,174265,174278,,10.1109/ACCESS.2020.3025958,0.0,,,14,"Computer Science, Information Systems; Engineering, Electrical & Electronic; Telecommunications",Science Citation Index Expanded (SCI-EXPANDED),Computer Science; Engineering; Telecommunications,NX7KN,,gold,,,2025-08-16,WOS:000575885400001,0
C,"Di Sipio, R; Huang, JH; Chen, SYC; Mangini, S; Worring, M",,,IEEE,"Di Sipio, Riccardo; Huang, Jia-Hong; Chen, Samuel Yen-Chi; Mangini, Stefano; Worring, Marcel",,,THE DAWN OF QUANTUM NATURAL LANGUAGE PROCESSING,"2022 IEEE INTERNATIONAL CONFERENCE ON ACOUSTICS, SPEECH AND SIGNAL PROCESSING (ICASSP)",International Conference on Acoustics Speech and Signal Processing ICASSP,,English,Proceedings Paper,"47th IEEE International Conference on Acoustics, Speech and Signal Processing (ICASSP)","MAY 22-27, 2022","Singapore, SINGAPORE",,,Natural Language Processing; Quantum Computing; Quantum Machine Learning; Quantum Neural Networks; Transformer; LSTM; Variational Quantum Circuits,,"In this paper, we discuss the initial attempts at boosting understanding human language based on deep-learning models with quantum computing. We successfully train a quantum-enhanced Long Short-Term Memory network to perform the parts-of-speech tagging task via numerical simulations. Moreover, a quantum-enhanced Transformer is proposed to perform the sentiment analysis based on the existing dataset.","[Di Sipio, Riccardo] Ceridian HCM Inc, Toronto, ON, Canada; [Huang, Jia-Hong; Worring, Marcel] Univ Amsterdam, Amsterdam, Netherlands; [Chen, Samuel Yen-Chi] Brookhaven Natl Lab, Upton, NY 11973 USA; [Mangini, Stefano] Univ Pavia, Pavia, Italy",University of Amsterdam; United States Department of Energy (DOE); Brookhaven National Laboratory; University of Pavia,"Di Sipio, R (corresponding author), Ceridian HCM Inc, Toronto, ON, Canada.",,"Di Sipio, Riccardo/JXL-8381-2024; Chen, Samuel/AAZ-4019-2020; Mangini, Stefano/AAX-4255-2020; Worring, Marcel/JRW-7059-2023","Worring, Marcel/0000-0003-4097-4136",,,,,61,47,48,0,9,IEEE,NEW YORK,"345 E 47TH ST, NEW YORK, NY 10017 USA",1520-6149,,978-1-6654-0540-9,INT CONF ACOUST SPEE,,,2022,,,,,,,8612,8616,,10.1109/ICASSP43922.2022.9747675,0.0,,,5,"Acoustics; Computer Science, Artificial Intelligence; Engineering, Electrical & Electronic",Conference Proceedings Citation Index - Science (CPCI-S),Acoustics; Computer Science; Engineering,BT9UB,,Green Submitted,,,2025-08-16,WOS:000864187908184,0
J,"Peral-Garca, D; Cruz-Benito, J; Garca-Pealvo, FJ",,,,"Peral-Garcia, David; Cruz-Benito, Juan; Garcia-Penalvo, Francisco Jose",,,Comparing Natural Language Processing and Quantum Natural Processing approaches in text classification tasks,EXPERT SYSTEMS WITH APPLICATIONS,,,English,Article,,,,,,Quantum computing; Quantum Machine Learning; Quantum natural language processing,,"Quantum physics and mechanics have demonstrated significant advances and promising results in different areas using the current near-term devices. One emerging subarea in quantum machine learning is quantum natural language processing, which combines quantum computing advantages and speedups with language processing algorithms to create and perform natural language tasks such as text classification or generation. The libraries and toolboxes used in this subarea include DisCoPy and lambeq, which are used to transform sentences into string diagrams or monoidal functors, convert these diagrams into quantum circuits or ansatz and embed it into a quantum model. In this study, we used both libraries with different text-based datasets to perform sentiment analysis via classification. To do so, we create synthetic datasets to train the different models. After we obtain satisfactory results, we test the resulting models with known datasets. Despite its promising results, quantum natural language processing is far from achieving its full potential. To achieve this potential, the quantum software and hardware must be improved to make them suitable for use with more extensive and complex datasets and other tasks.","[Peral-Garcia, David] Univ Salamanca, Fac Sci, Expert Syst & Applicat Lab ESALAB, Plaza Caidos s-n, Salamanca 37008, Spain; [Cruz-Benito, Juan] IBM TJ Watson Res Ctr, IBM Quantum, Yorktown Hts, NY 10598 USA; [Garcia-Penalvo, Francisco Jose] Univ Salamanca, Res Inst Educ Sci, Dept Comp & Automat, GRIAL Res Grp, Paseo Canalejas 169, Salamanca 37008, Spain",University of Salamanca; International Business Machines (IBM); IBM USA; University of Salamanca,"Peral-Garca, D (corresponding author), Univ Salamanca, Fac Sci, Expert Syst & Applicat Lab ESALAB, Plaza Caidos s-n, Salamanca 37008, Spain.",daveral@usal.es; juan.cruz.benito@ibm.com; fgarcia@usal.es,"GARCIA-PENALVO, Francisco Jose/D-5445-2013; Cruz-Benito, Juan/C-5589-2014; GARCA-PEALVO, Francisco/D-5445-2013","GARCIA-PENALVO, Francisco Jose/0000-0001-9987-5584; Cruz-Benito, Juan/0000-0003-2045-8329;",,,"from lambeq import AtomicType, IQPAnsatz, remove_cups",,27,3,3,4,11,PERGAMON-ELSEVIER SCIENCE LTD,OXFORD,"THE BOULEVARD, LANGFORD LANE, KIDLINGTON, OXFORD OX5 1GB, ENGLAND",0957-4174,1873-6793,,EXPERT SYST APPL,Expert Syst. Appl.,NOV 15,2024,254.0,,,,,,,,124427,10.1016/j.eswa.2024.124427,0.0,,JUN 2024,9,"Computer Science, Artificial Intelligence; Engineering, Electrical & Electronic; Operations Research & Management Science",Science Citation Index Expanded (SCI-EXPANDED),Computer Science; Engineering; Operations Research & Management Science,XI7H4,,hybrid,,,2025-08-16,WOS:001261113900001,0
C,"Laakkonen, T; Meichanetzidis, K; Coecke, B",,,,"Laakkonen, Tuomas; Meichanetzidis, Konstantinos; Coecke, Bob",,,Quantum Algorithms for Compositional Text Processing,ELECTRONIC PROCEEDINGS IN THEORETICAL COMPUTER SCIENCE,,,English,Proceedings Paper,21st International Conference on Quantum Physics and Logic (QPL),"JUL 15-19, 2024","Buenos Aires, ARGENTINA",,,,,"Quantum computing and AI have found a fruitful intersection in the field of natural language processing. We focus on the recently proposed DisCoCirc framework for natural language, and propose a quantum adaptation, QDisCoCirc. This is motivated by a compositional approach to rendering AI interpretable: the behavior of the whole can be understood in terms of the behavior of parts, and the way they are put together. For the model-native primitive operation of text similarity, we derive quantum algorithms for fault-tolerant quantum computers to solve the task of question-answering within QDisCoCirc, and show that this is BQP-hard; note that we do not consider the complexity of question-answering in other natural language processing models. Assuming widely-held conjectures, implementing the proposed model classically would require super-polynomial resources. Therefore, it could provide a meaningful demonstration of the power of practical quantum processors. The model construction builds on previous work in compositional quantum natural language processing. Word embeddings are encoded as parameterized quantum circuits, and compositionality here means that the quantum circuits compose according to the linguistic structure of the text. We outline a method for evaluating the model on near-term quantum processors, and elsewhere we report on a recent implementation of this on quantum hardware. In addition, we adapt a quantum algorithm for the closest vector problem to obtain a Groverlike speedup in the fault-tolerant regime for our model. This provides an unconditional quadratic speedup over any classical algorithm in certain circumstances, which we will verify empirically in future work.","[Laakkonen, Tuomas; Meichanetzidis, Konstantinos; Coecke, Bob] Quantinuum, 17 Beaumont St, Oxford OX1 2NA, England",,"Laakkonen, T (corresponding author), Quantinuum, 17 Beaumont St, Oxford OX1 2NA, England.",tuomas.laakkonen@quantinuum.com; k.mei@quantinuum.com; bob.coecke@quantinuum.com,,,,,,,55,0,0,0,0,OPEN PUBL ASSOC,SYDNEY,"OPEN PUBL ASSOC, SYDNEY, 00000, AUSTRALIA",2075-2180,,,ELECTRON P THEOR COM,Electron. Proc. Theor. Comput. Sci.,,2024,,406,,,,,162,196,,10.4204/EPTCS.406.8,0.0,,,35,"Computer Science, Theory & Methods",Conference Proceedings Citation Index - Science (CPCI-S),Computer Science,D3J2K,,"Green Submitted, gold",,,2025-08-16,WOS:001295173600008,0
J,"Zeng, W; Coecke, B",,,,"Zeng, William; Coecke, Bob",,,Quantum Algorithms for Compositional Natural Language Processing,ELECTRONIC PROCEEDINGS IN THEORETICAL COMPUTER SCIENCE,,,English,Article; Proceedings Paper,"Workshop on Semantic Spaces at the Intersection of NLP, Physics and Cognitive Science (SLPCS)","JUN 11, 2016","Univ Strathclyde, Glasgow, SCOTLAND",,Univ Strathclyde,,,"We propose a new application of quantum computing to the field of natural language processing. Ongoing work in this field attempts to incorporate grammatical structure into algorithms that compute meaning. In [5, 7], Coecke, Sadrzadeh and Clark introduce such a model (the CSC model) based on tensor product composition. While this algorithm has many advantages, its implementation is hampered by the large classical computational resources that it requires. In this work we show how computational shortcomings of the CSC approach could be resolved using quantum computation (possibly in addition to existing techniques for dimension reduction). We address the value of quantum RAM [8] for this model and extend an algorithm from Wiebe, Braun and Lloyd [24] into a quantum algorithm to categorize sentences in CSC. Our new algorithm demonstrates a quadratic speedup over classical methods under certain conditions.","[Zeng, William] Rigetti Comp, Berkeley, CA 94710 USA; Univ Oxford, Oxford, England",University of Oxford,"Zeng, W (corresponding author), Rigetti Comp, Berkeley, CA 94710 USA.",zeng.will@gmail.com; bob.coecke@cs.ox.ac.uk,,,Air Force Office of Scientific Research [FA9550-14-1-0079]; Rhodes Trust,Air Force Office of Scientific Research(United States Department of DefenseAir Force Office of Scientific Research (AFOSR)); Rhodes Trust,This work was funded by Air Force Office of Scientific Research grant FA9550-14-1-0079 and The Rhodes Trust.,,24,24,26,1,4,OPEN PUBL ASSOC,SYDNEY,"OPEN PUBL ASSOC, SYDNEY, 00000, AUSTRALIA",2075-2180,,,ELECTRON P THEOR COM,Electron. Proc. Theor. Comput. Sci.,,2016,,221,,,,,67,75,,10.4204/EPTCS.221.8,0.0,,,9,"Computer Science, Theory & Methods",Emerging Sources Citation Index (ESCI); Conference Proceedings Citation Index - Science (CPCI-S),Computer Science,EF4TD,,"gold, Green Submitted",,,2025-08-16,WOS:000390324000009,0
J,"Zeguendry, A; Jarir, Z; Quafafou, M",,,,"Zeguendry, Amine; Jarir, Zahi; Quafafou, Mohamed",,,Quantum-Enhanced K-Nearest Neighbors for Text Classification: A Hybrid Approach with Unified Circuit and Reduced Quantum Gates,ADVANCED QUANTUM TECHNOLOGIES,,,English,Article,,,,,,hybrid classical quantum k-nearest neighbors; quantum computing; quantum machine learning; qubit reuse; text classification,ALGORITHM,"Text classification, a key process in natural language processing (NLP), relies on the k-nearest neighbors (KNN) algorithm for its simplicity and effectiveness. Traditional methods often grapple with the high-dimensional nature of textual data, leading to substantial computational demands. This study introduces a novel classical quantum k-nearest neighbors (CQKNN) algorithm, which integrates quantum circuits into a conventional machine-learning framework to enhance computational efficiency and reduce storage requirements. This hybrid approach uses a unified quantum circuit that simplifies multiple similarity calculations through mid-circuit measurements and qubit reset operations, significantly improving upon traditional multi-circuit quantum k-nearest neighbors (QKNN) models. The CQKNN algorithm, tested on datasets such as SMS Spam Collection, Twitter US Airline Sentiment, and IMDB Movie Reviews, not only outperforms classical KNN but also addresses challenges posed by noisy intermediate-scale quantum (NISQ) devices through advanced error mitigation techniques. This work highlights resource efficiency and reduced gate complexity and demonstrates the practical application of fidelity in quantum similarity calculations, setting new standards for quantum-enhanced machine learning and advancing current quantum technology capabilities in complex data classification tasks. This study presents a novel classical quantum k-nearest neighbors (CQKNN) algorithm with a unified circuit design, optimized for high-dimensional text classification. Incorporating practical fidelity measures, mid-circuit measurements, and qubit reset operations, it significantly reduces quantum gate and qubit use, enhancing efficiency on noisy intermediate-scale quantum (NISQ) devices. Experiments across diverse datasets show CQKNN outperforming classical k-nearest neighbors (KNN), proving its practicality and superior accuracy in real-world applications. image","[Zeguendry, Amine; Jarir, Zahi] Cadi Ayyad Univ, Fac Sci, LISI Lab, Marrakech 40000, Morocco; [Quafafou, Mohamed] Aix Marseille Univ, LSIS, UMR 7296, F-13007 Marseille, France",Cadi Ayyad University of Marrakech; Aix-Marseille Universite,"Zeguendry, A (corresponding author), Cadi Ayyad Univ, Fac Sci, LISI Lab, Marrakech 40000, Morocco.",amine.zeguendry@ced.uca.ma,"Zeguendry, Amine/IWE-0642-2023","Zeguendry, Amine/0000-0002-5864-5667",,,,,27,1,1,1,8,WILEY,HOBOKEN,"111 RIVER ST, HOBOKEN 07030-5774, NJ USA",,2511-9044,,ADV QUANTUM TECHNOL,Adv. Quantum Technol.,NOV,2024,7.0,11,,,,,,,,10.1002/qute.202400122,0.0,,AUG 2024,15,Quantum Science & Technology; Optics,Science Citation Index Expanded (SCI-EXPANDED),Physics; Optics,M8G8I,,,,,2025-08-16,WOS:001281970600001,0
J,"Correia, AD; Moortgat, M; Stoof, HTC",,,,"Correia, A. D.; Moortgat, M.; Stoof, H. T. C.",,,Quantum computations for disambiguation and question answering,QUANTUM INFORMATION PROCESSING,,,English,Article,,,,,,Quantum natural language processing; Grover's algorithm; Quantum search; Question answering; Syntactic ambiguities,,"Automatic text processing is now a mature discipline in computer science, and so attempts at advancements using quantum computation have emerged as the new frontier, often under the term of quantum natural language processing. The main challenges consist in finding the most adequate ways of encoding words and their interactions on a quantum computer, considering hardware constraints, as well as building algorithms that take advantage of quantum architectures, so as to show improvement on the performance of natural language tasks. In this paper, we introduce a new framework that starts from a grammar that can be interpreted by means of tensor contraction, to build word representations as quantum states that serve as input to a quantum algorithm. We start by introducing an operator measurement to contract the representations of words, resulting in the representation of larger fragments of text. We then go on to develop pipelines for the tasks of sentence meaning disambiguation and question answering that take advantage of quantum features. For the first task, we show that our contraction scheme deals with syntactically ambiguous phrases storing the various different meanings in quantum superposition, a solution not available on a classical setting. For the second task, we obtain a question representation that contains all possible answers in equal quantum superposition, and we implement Grover's quantum search algorithm to find the correct answer, agnostic to the specific question, an implementation with the potential of delivering a result with quadratic speedup.","[Correia, A. D.; Stoof, H. T. C.] Univ Utrecht, Inst Theoret Phys, Princetonpl 5, NL-3584 CC Utrecht, Netherlands; [Moortgat, M.] Univ Utrecht, Utrecht Inst Linguist OTS, Trans 10, NL-3512 JK Utrecht, Netherlands; [Correia, A. D.; Moortgat, M.; Stoof, H. T. C.] Univ Utrecht, Ctr Complex Syst Studies, Leuvenlaan 4, NL-3584 CE Utrecht, Netherlands",Utrecht University; Utrecht University; Utrecht University,"Correia, AD (corresponding author), Univ Utrecht, Inst Theoret Phys, Princetonpl 5, NL-3584 CC Utrecht, Netherlands.;Correia, AD (corresponding author), Univ Utrecht, Ctr Complex Syst Studies, Leuvenlaan 4, NL-3584 CE Utrecht, Netherlands.",a.duartecorreia@uu.nl,,"Correia, Adriana/0000-0003-0008-9167; Moortgat, M.J./0000-0003-3568-9920","Utrecht University's Complex Systems Fund; Dutch Ministry of Education, Culture and Science (OCW)","Utrecht University's Complex Systems Fund; Dutch Ministry of Education, Culture and Science (OCW)","We would like to thank the anonymous referees for the helpful comments. This work is supported by the Utrecht University's Complex Systems Fund, with special thanks to Peter Koeze, and the D-ITP consortium, a program of the Netherlands Organization for Scientific Research (NWO) that is funded by the Dutch Ministry of Education, Culture and Science (OCW).",,35,2,2,1,5,SPRINGER,NEW YORK,"ONE NEW YORK PLAZA, SUITE 4600, NEW YORK, NY, UNITED STATES",1570-0755,1573-1332,,QUANTUM INF PROCESS,Quantum Inf. Process.,MAR 30,2022,21.0,4,,,,,,,126,10.1007/s11128-022-03441-9,0.0,,,25,"Quantum Science & Technology; Physics, Multidisciplinary; Physics, Mathematical",Science Citation Index Expanded (SCI-EXPANDED),Physics,0D7XI,,hybrid,,,2025-08-16,WOS:000776203300004,0
C,"Chen, SYC; Yoo, S; Fang, YLL",,,IEEE,"Chen, Samuel Yen-Chi; Yoo, Shinjae; Fang, Yao-Lung L.",,,QUANTUM LONG SHORT-TERM MEMORY,"2022 IEEE INTERNATIONAL CONFERENCE ON ACOUSTICS, SPEECH AND SIGNAL PROCESSING (ICASSP)",International Conference on Acoustics Speech and Signal Processing ICASSP,,English,Proceedings Paper,"47th IEEE International Conference on Acoustics, Speech and Signal Processing (ICASSP)","MAY 22-27, 2022","Singapore, SINGAPORE",,,Quantum machine learning; Variational quantum circuits; Long short-term memory; Recurrent neural network,NETWORKS,"Long short-term memory (LSTM) is a kind of recurrent neural networks (RNN) for sequence and temporal dependency data modeling and its effectiveness has been extensively established. In this work, we propose a hybrid quantum-classical model of LSTM, which we dub QLSTM. We demonstrate that the proposed model successfully learns several kinds of temporal data. In particular, we show that for certain testing cases, this quantum version of LSTM converges faster, or equivalently, reaches a better accuracy, than its classical counterpart. Due to the variational nature of our approach, the requirements on qubit counts and circuit depth are eased, and our work thus paves the way toward implementing machine learning algorithms for sequence modeling such as natural language processing, speech recognition on noisy intermediate-scale quantum (NISQ) devices.","[Chen, Samuel Yen-Chi; Yoo, Shinjae; Fang, Yao-Lung L.] Brookhaven Natl Lab, Computat Sci Initiat, Upton, NY 11973 USA",United States Department of Energy (DOE); Brookhaven National Laboratory,"Chen, SYC (corresponding author), Brookhaven Natl Lab, Computat Sci Initiat, Upton, NY 11973 USA.",,"Chen, Samuel/AAZ-4019-2020; Fang, Yao-Lung/A-1831-2015",,,,,,41,88,94,7,38,IEEE,NEW YORK,"345 E 47TH ST, NEW YORK, NY 10017 USA",1520-6149,,978-1-6654-0540-9,INT CONF ACOUST SPEE,,,2022,,,,,,,8622,8626,,10.1109/ICASSP43922.2022.9747369,0.0,,,5,"Acoustics; Computer Science, Artificial Intelligence; Engineering, Electrical & Electronic",Conference Proceedings Citation Index - Science (CPCI-S),Acoustics; Computer Science; Engineering,BT9UB,,Green Submitted,,,2025-08-16,WOS:000864187908186,0
J,"Kutvonen, A; Fujii, K; Sagawa, T",,,,"Kutvonen, Aki; Fujii, Keisuke; Sagawa, Takahiro",,,Optimizing a quantum reservoir computer for time series prediction,SCIENTIFIC REPORTS,,,English,Article,,,,,,,,"Quantum computing and neural networks show great promise for the future of information processing. In this paper we study a quantum reservoir computer (QRC), a framework harnessing quantum dynamics and designed for fast and efficient solving of temporal machine learning tasks such as speech recognition, time series prediction and natural language processing. Specifically, we study memory capacity and accuracy of a quantum reservoir computer based on the fully connected transverse field Ising model by investigating different forms of inter-spin interactions and computing timescales. We show that variation in inter-spin interactions leads to a better memory capacity in general, by engineering the type of interactions the capacity can be greatly enhanced and there exists an optimal timescale at which the capacity is maximized. To connect computational capabilities to physical properties of the underlaying system, we also study the out-of-time-ordered correlator and find that its faster decay implies a more accurate memory. Furthermore, as an example application on real world data, we use QRC to predict stock values.","[Kutvonen, Aki; Sagawa, Takahiro] Univ Tokyo, Dept Appl Phys, Bunkyo Ku, 7-3-1 Hongo, Tokyo 1138656, Japan; [Kutvonen, Aki; Sagawa, Takahiro] Univ Tokyo, Quantum Phase Elect Ctr QPEC, Bunkyo Ku, 7-3-1 Hongo, Tokyo 1138656, Japan; [Kutvonen, Aki] Aalto Univ, Dept Appl Phys, COMP Ctr Excellence, Sch Sci, POB 11000, Espoo 00076, Finland; [Fujii, Keisuke] Kyoto Univ, Grad Sch Sci, Sakyo Ku, Kyoto 6068502, Japan",University of Tokyo; University of Tokyo; Aalto University; Kyoto University,"Kutvonen, A (corresponding author), Univ Tokyo, Dept Appl Phys, Bunkyo Ku, 7-3-1 Hongo, Tokyo 1138656, Japan.;Kutvonen, A (corresponding author), Univ Tokyo, Quantum Phase Elect Ctr QPEC, Bunkyo Ku, 7-3-1 Hongo, Tokyo 1138656, Japan.;Kutvonen, A (corresponding author), Aalto Univ, Dept Appl Phys, COMP Ctr Excellence, Sch Sci, POB 11000, Espoo 00076, Finland.",aki.kutvonen@gmail.com,"Fujii, Keisuke/AAA-5822-2021; Kutvonen, Aki/N-1019-2015; Sagawa, Takahiro/J-7568-2016",,"Jenny and Antti Wihuri Foundation through Council of Finnish Foundations' Post Doc Pool; JSPS KAKENHI Grant [JP16H02211, JP19H05796]; JST PRESTO Grant [JPMJPR1668]; JST ERATO Grant [JPMJER1601]; JST CREST Grant [JPMJCR1673]","Jenny and Antti Wihuri Foundation through Council of Finnish Foundations' Post Doc Pool; JSPS KAKENHI Grant(Ministry of Education, Culture, Sports, Science and Technology, Japan (MEXT)Japan Society for the Promotion of ScienceGrants-in-Aid for Scientific Research (KAKENHI)); JST PRESTO Grant; JST ERATO Grant; JST CREST Grant","A.K. is supported by Jenny and Antti Wihuri Foundation through Council of Finnish Foundations' Post Doc Pool, T.S. by JSPS KAKENHI Grant Number JP16H02211 and JP19H05796, and K.F. by JST PRESTO Grant Number JPMJPR1668, JST ERATO Grant Number JPMJER1601, and JST CREST Grant Number JPMJCR1673. We thank Eiki Iyoda for useful discussions.",,28,47,48,1,14,NATURE PORTFOLIO,BERLIN,"HEIDELBERGER PLATZ 3, BERLIN, 14197, GERMANY",2045-2322,,,SCI REP-UK,Sci Rep,SEP 7,2020,10.0,1,,,,,,,14687,10.1038/s41598-020-71673-9,0.0,,,7,Multidisciplinary Sciences,Science Citation Index Expanded (SCI-EXPANDED),Science & Technology - Other Topics,NQ6HA,32895412.0,"Green Published, Green Submitted, gold",,,2025-08-16,WOS:000570970000015,0
